,rural,urban,,total,,expected frequencies,,,expected,
large,42,25,,67,,0.166963332,0.149074404,,35.39622642,31.60377358
small,70,75,,145,,0.361338555,0.32262371,,76.60377358,68.39622642
,,,,,,,,,,
total,112,100,,212,,,,total,212,
,,,,,,,,,,
,,,,,,,,,intermediate G's,
,,,,,,,,,7.184704895,-5.860017646
,,,,,,,,,-6.31057679,6.912784485
,,,,,,,,,,
,,,,,,,,total,1.926894945,
,,,,,,,,G,3.853789889,
,,,,,,,,df,1,